[{
  "_id": {
    "$oid": "604c68b1a7a9d44a0f27d46f"
  },
  "name": "Domino's",
  "city": "Delhi",
  "location_id": 1,
  "city_id": 1,
  "locality": "Shalimar Bagh",
  "thumb": [
    "Assets/breakfast.png",
    "Assets/dinner.png",
    "Assets/drinks.png",
    "Assets/dinner.png"
  ],
  "aggregate_rating": 4.2,
  "rating_text": "Very Good",
  "min_price": 666,
  "contact_number": 919453524651,
  "cuisine": [
    {
      "id": 1,
      "name": "North Indian"
    },
    {
      "id": 4,
      "name": "Fast Food"
    }
  ],
  "image": "Assets/dominos.png",
  "mealtype_id": 1,
  "specialty":"Vada Pav"
},{
  "_id": {
    "$oid": "604c68b1a7a9d44a0f27d470"
  },
  "name": "KFC",
  "city": "Delhi",
  "location_id": 1,
  "city_id": 1,
  "locality": "Shalimar Bagh",
  "thumb": [
    "Assets/breakfast.png",
    "Assets/dinner.png",
    "Assets/drinks.png",
    "Assets/dinner.png"
  ],
  "aggregate_rating": 4.5,
  "rating_text": "Excellent",
  "min_price": 333,
  "contact_number": 919453524651,
  "cuisine": [
    {
      "id": 2,
      "name": "South Indian"
    },
    {
      "id": 4,
      "name": "Fast Food"
    }
  ],
  "image": "Assets/kfc.jpg",
  "mealtype_id": 1,
  "specialty":"Alpha"
},{
  "_id": {
    "$oid": "604c68b1a7a9d44a0f27d471"
  },
  "name": "Burger King",
  "city": "Delhi",
  "location_id": 1,
  "city_id": 1,
  "locality": "Shalimar Bagh",
  "thumb": [
    "Assets/breakfast.png",
    "Assets/dinner.png",
    "Assets/drinks.png",
    "Assets/dinner.png"
  ],
  "aggregate_rating": 4.5,
  "rating_text": "Excellent",
  "min_price": 999,
  "contact_number": 919453524651,
  "cuisine": [
    {
      "id": 2,
      "name": "South Indian"
    },
    {
      "id": 4,
      "name": "Fast Food"
    }
  ],
  "image": "Assets/burgerking.png",
  "mealtype_id": 1,
  "specialty":"Dhaba"
},{
  "_id": {
    "$oid": "604c68b1a7a9d44a0f27d472"
  },
  "name": "Baba Ka Dhaba",
  "city": "Delhi",
  "location_id": 5,
  "city_id": 1,
  "locality": "Anand Vihar",
  "thumb": [
    "Assets/breakfast.png",
    "Assets/dinner.png",
    "Assets/drinks.png",
    "Assets/dinner.png"
  ],
  "aggregate_rating": 3.5,
  "rating_text": "Excellent",
  "min_price": 599,
  "contact_number": 919453524651,
  "cuisine": [
    {
      "id": 2,
      "name": "South Indian"
    },
    {
      "id": 4,
      "name": "Fast Food"
    }
  ],
  "image": "Assets/babadhaba.jpg",
  "mealtype_id": 2,
  "specialty":"Manav"
}]

